Model Name,SSIM,RMSE,Sharpness,Speckle Index,SNR,CNR
production_O21CVPL00001_13_01_16,0.30005521676487223,50.07659683946018,269.51296914805823,0.2097287958770888,1.134838696268354,4.0040348708403135
production_O21CVPL00001_13_01_16,0.30005521676487223,50.07659683946018,269.51296914805823,0.2097287958770888,1.134838696268354,55.289514906772624
production_O21CVPL00001_13_01_16_v1,0.2601064328407519,56.54684147512492,310.70249373568055,0.27993213801580563,0.949105567080083,179.44765089866954
production_O21CV00001_13_01_16,0.2825049979281945,54.051708243172705,455.43931754425466,0.268691960897372,1.0677351980342453,121.81505070337384
1x Averaging,0.30005521676487223,50.07659683946018,269.51296914805823,0.2097287958770888,1.134838696268354,55.289514906772624
