Data Source,Model Name,epoch,fid,RMSE,Speckle Index,SNR,PSNR,SSIM,Sharpness
production_uint8_O21CVPL00001_13_01_16,cGAN,test_25,11.954550476610443,12.240725817033505,0.15061885113931195,38.260513989755,26.68454681632209,0.6837011751593299,69.90945866779907
