Speckle Index ehanced,Speckle Index input
0.39490511802961353,0.25359529697814115
